first_name,last_name,address,date_of_birth
Katrina,Erickson,"50815 Molly Lake
Smithshire, VT 07620",1976-04-21
Pamela,Meyers,"4486 Martin Causeway
Lake Stephanie, VI 72243",1980-03-15
Carolyn,Simmons,"841 Green Estates Apt. 897
Gabrielland, NH 06358",1990-01-15
Jessica,Rivas,"157 Arthur Fall
Lake Michelle, CA 79271",1982-06-16
Thomas,Kirby,"Unit 6519 Box 1551
DPO AE 50237",2016-06-29
Monique,Benson,"570 Wilkerson Skyway
East Samuelchester, MH 70605",1976-12-12
Desiree,Moore,"321 Sarah Brook Suite 008
Robinsonside, CT 11434",1970-04-30
Allison,Avila,"22747 Leah Cliff Suite 099
East Paul, RI 23087",1933-01-21
Donna,Glass,"Unit 5151 Box 1692
DPO AE 94537",1992-03-25
Daniel,Williams,"4647 Davis Junctions
Randystad, CT 65794",1943-02-24
Shannon,Johnson,"Unit 6136 Box 7774
DPO AA 96518",1993-02-22
Brenda,Osborn,"515 Carol Ville Suite 400
Lopezstad, MA 46863",1929-11-28
Cory,Garcia,"337 Christopher Overpass
West Madisonstad, WV 38461",1998-09-08
Jennifer,Rivera,"77844 Coleman Corner Suite 131
New Samantha, GU 63621",2001-09-16
Patrick,Russell,"5913 Mcpherson Ridge
West David, NM 95016",1962-08-16
James,Williams,"66104 Courtney Mission Suite 840
Welchburgh, MD 64506",1950-12-01
Erika,Allen,"5041 Tyler Parkways Apt. 321
Lake Kimberly, MD 59223",1972-04-30
Troy,Jackson,"390 Martin Bypass
Lake Lisa, CO 33972",1932-12-14
Kimberly,Mora,"USNS Johnson
FPO AE 34806",1988-02-05
Andrew,Elliott,"49380 Beasley Glens
New Hannahburgh, RI 32676",1961-01-01
Paula,Hurst,"19615 Matthew Canyon
New Troyview, NM 65653",1946-01-13
Julia,Williams,"02608 Page Bridge Suite 601
Cynthiafort, AZ 97390",1971-07-09
Tiffany,Rice,"1345 Susan Bypass Apt. 982
Debbieborough, LA 06157",2018-10-20
Adrian,Jacobs,"9168 William Green
North Moniquemouth, DC 28365",1986-01-09
Phillip,Nelson,"72075 Jason Fort Apt. 689
Ellishaven, SC 66457",1953-11-09
Kara,Campbell,"72833 Ryan Haven Apt. 916
South Kerry, VT 84528",1982-10-31
Brett,Stephenson,"1642 Buck Dam Apt. 743
New James, VA 28308",1967-09-13
Julie,Arnold,"0859 Kevin Point Apt. 025
Meadowston, AL 42796",1960-08-21
Mitchell,Davis,"77463 Schmidt Cliff Apt. 433
Justinfurt, TN 41260",1937-06-20
Michele,Scott,"06630 Kathleen Cape
Port Denisehaven, CA 47892",1979-10-15
Joel,Baker,"9036 Barrett Stravenue Apt. 616
East Ginastad, NC 62942",1951-08-14
Sarah,Foster,"Unit 5461 Box 9981
DPO AE 17405",1927-05-19
Antonio,Schmitt,"Unit 3356 Box 2999
DPO AP 10066",2011-07-16
Michael,Walker,"902 Cody Villages Apt. 541
South Kathryn, UT 58593",1939-02-08
Michael,Meyer,"4864 Michelle Fords
West Kaitlynburgh, WV 49109",1958-06-04
Kenneth,Phillips,"29701 Kelly Spring
Tiffanychester, OR 34186",1931-04-17
Calvin,Sandoval,"PSC 4066, Box 4002
APO AP 10235",1986-04-16
Christopher,Nunez,"259 Williams Crescent
East Julie, HI 56026",2023-05-04
Michael,Mccoy,"3108 Jennifer Trafficway
Schmidtburgh, VT 07670",1993-04-09
Randall,Taylor,"294 Rebecca Mills
New George, ID 48296",1912-04-30
Alexis,Buck,"554 Matthews Tunnel Suite 794
South Tiffanyville, MA 19345",1913-10-27
Douglas,Matthews,"9464 Susan Springs Apt. 965
New Brittany, OR 51688",1953-11-15
Ralph,Powell,"5526 Hannah Square
North Kristibury, AL 10858",1969-10-03
James,Carlson,"4649 Robert Mission
Port Katherineshire, NY 42010",2014-05-11
Stefanie,Miller,"076 William Brooks Apt. 532
Port Mark, HI 98713",1984-04-27
Alyssa,Dixon,"2280 Ochoa Prairie
Laurieland, MO 06240",1915-06-17
Rebekah,Rhodes,"057 Betty Canyon Suite 411
Port Joseshire, KS 26716",1951-05-12
Carl,Simmons,"38186 Douglas Shoals Apt. 645
Burkehaven, TN 50446",1997-03-30
Dennis,Monroe,"154 Virginia Loaf Suite 131
East Vincent, NY 90166",1977-07-18
Patrick,Williams,"9147 Moyer Prairie
Danielburgh, NY 85788",1916-05-14
Angelica,Brown,"14693 Hill Dale
Port Tanyamouth, MT 84102",1960-01-03
Sara,Anderson,"98717 Tyler Plaza Suite 402
South Jamesmouth, MA 26128",1941-11-09
Rachel,Mata,"PSC 5135, Box 6855
APO AA 89930",1959-04-23
Patrick,Taylor,"539 David Squares
Port Ariel, OR 34615",1920-09-29
Ray,Smith,"53077 Beasley Way Suite 877
West Kristopherbury, WI 30922",2015-11-17
Brooke,Soto,"97894 Kelsey Cape Apt. 590
East Matthew, NC 46986",1983-05-06
Katie,Burke,"4386 James Manor
Port Kimberly, OR 43113",1934-05-11
James,Bishop,"11264 Frederick Prairie Apt. 074
Autumnshire, SC 89998",1995-10-04
Rodney,Hubbard,"12693 Lopez Drive
Lake Charles, WV 78093",2021-05-31
Edward,Johnson,"003 Armstrong Summit Apt. 363
South Sara, TN 92417",1907-09-11
Craig,Ballard,"32544 Michael Prairie Suite 373
Port Andrew, ID 23874",1959-05-17
Sandra,Rosario,"4163 Garcia Lodge Suite 154
Hansenhaven, ME 77928",1937-03-13
Aaron,Dodson,"1787 Mary Mission
East Kaitlynville, OR 26506",1960-09-03
Peter,Smith,"4559 Graham Port Suite 208
West Amberberg, PA 95961",1958-08-30
Carlos,Santiago,"9906 Neal Curve Apt. 761
West Jonathan, CA 03479",2012-03-27
Elizabeth,Riley,"PSC 5406, Box 6869
APO AP 18441",1949-08-26
Mark,Reese,"6279 Daniel Knolls Apt. 508
Carriehaven, CO 89274",1922-02-27
Shawn,Ritter,"PSC 7462, Box 0982
APO AP 56752",1979-01-09
William,Alvarez,"4547 Ronald Plains
South Scotthaven, VA 44149",1935-09-14
April,White,"USCGC Roth
FPO AP 71270",1919-10-20
Mark,Kane,"4256 Charles Lodge Apt. 541
Stanleyton, MD 23682",1942-04-04
Tiffany,May,"04329 Christopher Port Suite 985
Cunninghamberg, MI 36732",2003-04-14
Stephen,Coffey,"25289 Jones Rapids Suite 044
Rebeccatown, GU 61935",1932-05-25
Mary,Smith,"14489 Stokes Alley
Kristyton, DE 41274",2012-04-26
Anthony,Bartlett,"USNV Young
FPO AA 98794",2020-12-15
Donna,Benton,"19234 Parks Parkways Suite 788
Jameston, MH 60811",1993-04-28
Anthony,Clayton,"421 Harold Flats Suite 823
South Leonardchester, GU 00675",2017-04-29
Melinda,Ross,"973 Rogers Row
Sullivantown, MA 87828",1965-10-05
Ashley,Perez,"74336 Martinez Shoals
South Joann, CA 32903",2017-02-02
Susan,Fischer,"66219 Jose Points Suite 704
Patriciamouth, VI 42117",1956-11-12
Sherri,Hunt,"60638 Cassie Trail
West Jeffport, AS 08175",1956-11-15
Jennifer,Perez,"705 Jeffery Springs
New Christopherland, PR 89792",1997-11-03
Jessica,Andrews,"4081 Charles Dam Apt. 211
East Ericland, OH 81713",1942-05-03
Teresa,Frederick,"798 Sarah Springs
West Bruce, PA 21363",1950-03-08
Jennifer,Hughes,"07052 Walker Grove
Port Peter, TN 05684",1931-03-23
Jessica,Lane,"1353 Christopher Viaduct
Tinahaven, VA 04105",2010-01-11
Joshua,Wilson,"5413 Paul Glen Apt. 062
Port Aaronport, TX 70035",1955-11-22
Debra,Martin,"424 Mcneil Lock
Donaldview, NM 48416",1908-06-07
Lisa,Zamora,"66879 Larry Rapids Suite 870
Gonzalezbury, UT 08128",2019-02-08
Margaret,Brown,"025 Cross Pass
South Renee, DC 84670",1994-08-20
Andre,Smith,"8673 Gonzalez Lane Suite 708
South Mark, AK 54812",2014-09-23
Angelica,Chaney,"Unit 8065 Box 2305
DPO AE 14663",1965-05-04
Alyssa,Johnson,"23906 Vanessa Road Apt. 594
New Brian, CO 32365",1992-05-10
Katherine,Lewis,"4208 Moreno Hills Apt. 618
East Felicia, ID 62327",1986-08-07
Deanna,Carpenter,"USNS Hubbard
FPO AA 80173",1962-03-06
Angela,Page,"127 Miranda Passage Apt. 277
Port Michelleland, AS 55115",1913-07-16
Jessica,Simpson,"0043 Jaime Trace Apt. 171
Lake Danielle, MO 94151",1981-06-04
Ashley,Ellison,"9654 Jason Brooks
South Andrew, CT 69814",2020-01-02
Steven,Lowery,"88796 Wise Spurs
West Stephen, AS 64739",1993-03-24
Michael,Forbes,"USS Graves
FPO AE 90872",1928-04-08
